{"keyFrames":[{"action":0,"animation":"TVOFF","duration":0.0,"endpos":[-24.8,5.67,-18.85],"endrotation":[-90.0,90.0,0.0],"endscale":[5,5,5],"loop":0,"name":"TV","startpos":[-24.8,5.67,-18.85],"startrotation":[-90.0,90.0,0.0],"startscale":[5,5,5],"timestamp":0.0,"type":3},{"action":2,"animation":"TVOFF","duration":0.0,"endpos":[-24.8,5.67,-18.85],"endrotation":[-90.0,90.0,0.0],"endscale":[5,5,5],"loop":0,"name":"TV","startpos":[-24.8,5.67,-18.85],"startrotation":[-90.0,90.0,0.0],"startscale":[5,5,5],"timestamp":0.0,"type":3},{"action":2,"animation":"TVON","duration":0.0,"endpos":[-24.8,5.67,-18.85],"endrotation":[-90.0,90.0,0.0],"endscale":[5,5,5],"loop":0,"name":"TV","startpos":[-24.8,5.67,-18.85],"startrotation":[-90.0,90.0,0.0],"startscale":[5,5,5],"timestamp":42.0,"type":3},{"action":2,"animation":"TVOFF","duration":0.0,"endpos":[-24.8,5.67,-18.85],"endrotation":[-90.0,90.0,0.0],"endscale":[5,5,5],"loop":0,"name":"TV","startpos":[-24.8,5.67,-18.85],"startrotation":[-90.0,90.0,0.0],"startscale":[5,5,5],"timestamp":84.0,"type":3},{"action":2,"animation":"TVOFF","duration":0.0,"endpos":[-24.8,5.67,-18.85],"endrotation":[-90.0,90.0,0.0],"endscale":[5,5,5],"loop":0,"name":"TV","startpos":[-24.8,5.67,-18.85],"startrotation":[-90.0,90.0,0.0],"startscale":[5,5,5],"timestamp":300.0,"type":3},{"action":0,"animation":"CloseCurtain","duration":0.0,"endpos":[-12.76,11.51,-49.29],"endrotation":[0.0,-90.0,0.0],"endscale":[3,3,3],"loop":0,"name":"Curtain1","startpos":[-12.76,11.51,-49.29],"startrotation":[0.0,-90.0,0.0],"startscale":[3,3,3],"timestamp":0.0,"type":1},{"action":2,"animation":"OpenCurtain","duration":0.0,"endpos":[-12.76,11.51,-49.29],"endrotation":[0.0,-90.0,0.0],"endscale":[3,3,3],"loop":0,"name":"Curtain1","startpos":[-12.76,11.51,-49.29],"startrotation":[0.0,-90.0,0.0],"startscale":[3,3,3],"timestamp":0.0,"type":1},{"action":2,"animation":"OpenCurtain","duration":0.0,"endpos":[-12.76,11.51,-49.29],"endrotation":[0.0,-90.0,0.0],"endscale":[3,3,3],"loop":0,"name":"Curtain1","startpos":[-12.76,11.51,-49.29],"startrotation":[0.0,-90.0,0.0],"startscale":[3,3,3],"timestamp":42.0,"type":1},{"action":2,"animation":"CloseCurtain","duration":0.0,"endpos":[-12.76,11.51,-49.29],"endrotation":[0.0,-90.0,0.0],"endscale":[3,3,3],"loop":0,"name":"Curtain1","startpos":[-12.76,11.51,-49.29],"startrotation":[0.0,-90.0,0.0],"startscale":[3,3,3],"timestamp":43.0,"type":1},{"action":2,"animation":"CloseCurtain","duration":0.0,"endpos":[-12.76,11.51,-49.29],"endrotation":[0.0,-90.0,0.0],"endscale":[3,3,3],"loop":0,"name":"Curtain1","startpos":[-12.76,11.51,-49.29],"startrotation":[0.0,-90.0,0.0],"startscale":[3,3,3],"timestamp":44.0,"type":1},{"action":2,"animation":"OpenCurtain","duration":0.0,"endpos":[-12.76,11.51,-49.29],"endrotation":[0.0,-90.0,0.0],"endscale":[3,3,3],"loop":0,"name":"Curtain1","startpos":[-12.76,11.51,-49.29],"startrotation":[0.0,-90.0,0.0],"startscale":[3,3,3],"timestamp":45.0,"type":1},{"action":2,"animation":"CloseCurtain","duration":0.0,"endpos":[-12.76,11.51,-49.29],"endrotation":[0.0,-90.0,0.0],"endscale":[3,3,3],"loop":0,"name":"Curtain1","startpos":[-12.76,11.51,-49.29],"startrotation":[0.0,-90.0,0.0],"startscale":[3,3,3],"timestamp":46.0,"type":1},{"action":2,"animation":"OpenCurtain","duration":0.0,"endpos":[-12.76,11.51,-49.29],"endrotation":[0.0,-90.0,0.0],"endscale":[3,3,3],"loop":0,"name":"Curtain1","startpos":[-12.76,11.51,-49.29],"startrotation":[0.0,-90.0,0.0],"startscale":[3,3,3],"timestamp":47.0,"type":1},{"action":2,"animation":"CloseCurtain","duration":0.0,"endpos":[-12.76,11.51,-49.29],"endrotation":[0.0,-90.0,0.0],"endscale":[3,3,3],"loop":0,"name":"Curtain1","startpos":[-12.76,11.51,-49.29],"startrotation":[0.0,-90.0,0.0],"startscale":[3,3,3],"timestamp":48.0,"type":1},{"action":2,"animation":"OpenCurtain","duration":0.0,"endpos":[-12.76,11.51,-49.29],"endrotation":[0.0,-90.0,0.0],"endscale":[3,3,3],"loop":0,"name":"Curtain1","startpos":[-12.76,11.51,-49.29],"startrotation":[0.0,-90.0,0.0],"startscale":[3,3,3],"timestamp":49.0,"type":1},{"action":2,"animation":"CloseCurtain","duration":0.0,"endpos":[-12.76,11.51,-49.29],"endrotation":[0.0,-90.0,0.0],"endscale":[3,3,3],"loop":0,"name":"Curtain1","startpos":[-12.76,11.51,-49.29],"startrotation":[0.0,-90.0,0.0],"startscale":[3,3,3],"timestamp":50.0,"type":1},{"action":2,"animation":"OpenCurtain","duration":0.0,"endpos":[-12.76,11.51,-49.29],"endrotation":[0.0,-90.0,0.0],"endscale":[3,3,3],"loop":0,"name":"Curtain1","startpos":[-12.76,11.51,-49.29],"startrotation":[0.0,-90.0,0.0],"startscale":[3,3,3],"timestamp":51.0,"type":1},{"action":2,"animation":"CloseCurtain","duration":0.0,"endpos":[-12.76,11.51,-49.29],"endrotation":[0.0,-90.0,0.0],"endscale":[3,3,3],"loop":0,"name":"Curtain1","startpos":[-12.76,11.51,-49.29],"startrotation":[0.0,-90.0,0.0],"startscale":[3,3,3],"timestamp":52.0,"type":1},{"action":2,"animation":"OpenCurtain","duration":0.0,"endpos":[-12.76,11.51,-49.29],"endrotation":[0.0,-90.0,0.0],"endscale":[3,3,3],"loop":0,"name":"Curtain1","startpos":[-12.76,11.51,-49.29],"startrotation":[0.0,-90.0,0.0],"startscale":[3,3,3],"timestamp":53.0,"type":1},{"action":2,"animation":"CloseCurtain","duration":0.0,"endpos":[-12.76,11.51,-49.29],"endrotation":[0.0,-90.0,0.0],"endscale":[3,3,3],"loop":0,"name":"Curtain1","startpos":[-12.76,11.51,-49.29],"startrotation":[0.0,-90.0,0.0],"startscale":[3,3,3],"timestamp":54.0,"type":1},{"action":2,"animation":"OpenCurtain","duration":0.0,"endpos":[-12.76,11.51,-49.29],"endrotation":[0.0,-90.0,0.0],"endscale":[3,3,3],"loop":0,"name":"Curtain1","startpos":[-12.76,11.51,-49.29],"startrotation":[0.0,-90.0,0.0],"startscale":[3,3,3],"timestamp":55.0,"type":1},{"action":2,"animation":"CloseCurtain","duration":0.0,"endpos":[-12.76,11.51,-49.29],"endrotation":[0.0,-90.0,0.0],"endscale":[3,3,3],"loop":0,"name":"Curtain1","startpos":[-12.76,11.51,-49.29],"startrotation":[0.0,-90.0,0.0],"startscale":[3,3,3],"timestamp":56.0,"type":1},{"action":2,"animation":"OpenCurtain","duration":0.0,"endpos":[-12.76,11.51,-49.29],"endrotation":[0.0,-90.0,0.0],"endscale":[3,3,3],"loop":0,"name":"Curtain1","startpos":[-12.76,11.51,-49.29],"startrotation":[0.0,-90.0,0.0],"startscale":[3,3,3],"timestamp":57.0,"type":1},{"action":2,"animation":"CloseCurtain","duration":0.0,"endpos":[-12.76,11.51,-49.29],"endrotation":[0.0,-90.0,0.0],"endscale":[3,3,3],"loop":0,"name":"Curtain1","startpos":[-12.76,11.51,-49.29],"startrotation":[0.0,-90.0,0.0],"startscale":[3,3,3],"timestamp":58.0,"type":1},{"action":2,"animation":"OpenCurtain","duration":0.0,"endpos":[-12.76,11.51,-49.29],"endrotation":[0.0,-90.0,0.0],"endscale":[3,3,3],"loop":0,"name":"Curtain1","startpos":[-12.76,11.51,-49.29],"startrotation":[0.0,-90.0,0.0],"startscale":[3,3,3],"timestamp":59.0,"type":1},{"action":2,"animation":"CloseCurtain","duration":0.0,"endpos":[-12.76,11.51,-49.29],"endrotation":[0.0,-90.0,0.0],"endscale":[3,3,3],"loop":0,"name":"Curtain1","startpos":[-12.76,11.51,-49.29],"startrotation":[0.0,-90.0,0.0],"startscale":[3,3,3],"timestamp":60.0,"type":1},{"action":2,"animation":"OpenCurtain","duration":0.0,"endpos":[-12.76,11.51,-49.29],"endrotation":[0.0,-90.0,0.0],"endscale":[3,3,3],"loop":0,"name":"Curtain1","startpos":[-12.76,11.51,-49.29],"startrotation":[0.0,-90.0,0.0],"startscale":[3,3,3],"timestamp":61.0,"type":1},{"action":2,"animation":"CloseCurtain","duration":0.0,"endpos":[-12.76,11.51,-49.29],"endrotation":[0.0,-90.0,0.0],"endscale":[3,3,3],"loop":0,"name":"Curtain1","startpos":[-12.76,11.51,-49.29],"startrotation":[0.0,-90.0,0.0],"startscale":[3,3,3],"timestamp":62.0,"type":1},{"action":2,"animation":"OpenCurtain","duration":0.0,"endpos":[-12.76,11.51,-49.29],"endrotation":[0.0,-90.0,0.0],"endscale":[3,3,3],"loop":0,"name":"Curtain1","startpos":[-12.76,11.51,-49.29],"startrotation":[0.0,-90.0,0.0],"startscale":[3,3,3],"timestamp":63.0,"type":1},{"action":2,"animation":"CloseCurtain","duration":0.0,"endpos":[-12.76,11.51,-49.29],"endrotation":[0.0,-90.0,0.0],"endscale":[3,3,3],"loop":0,"name":"Curtain1","startpos":[-12.76,11.51,-49.29],"startrotation":[0.0,-90.0,0.0],"startscale":[3,3,3],"timestamp":64.0,"type":1},{"action":2,"animation":"OpenCurtain","duration":0.0,"endpos":[-12.76,11.51,-49.29],"endrotation":[0.0,-90.0,0.0],"endscale":[3,3,3],"loop":0,"name":"Curtain1","startpos":[-12.76,11.51,-49.29],"startrotation":[0.0,-90.0,0.0],"startscale":[3,3,3],"timestamp":65.0,"type":1},{"action":2,"animation":"CloseCurtain","duration":0.0,"endpos":[-12.76,11.51,-49.29],"endrotation":[0.0,-90.0,0.0],"endscale":[3,3,3],"loop":0,"name":"Curtain1","startpos":[-12.76,11.51,-49.29],"startrotation":[0.0,-90.0,0.0],"startscale":[3,3,3],"timestamp":66.0,"type":1},{"action":2,"animation":"OpenCurtain","duration":0.0,"endpos":[-12.76,11.51,-49.29],"endrotation":[0.0,-90.0,0.0],"endscale":[3,3,3],"loop":0,"name":"Curtain1","startpos":[-12.76,11.51,-49.29],"startrotation":[0.0,-90.0,0.0],"startscale":[3,3,3],"timestamp":67.0,"type":1},{"action":2,"animation":"CloseCurtain","duration":0.0,"endpos":[-12.76,11.51,-49.29],"endrotation":[0.0,-90.0,0.0],"endscale":[3,3,3],"loop":0,"name":"Curtain1","startpos":[-12.76,11.51,-49.29],"startrotation":[0.0,-90.0,0.0],"startscale":[3,3,3],"timestamp":68.0,"type":1},{"action":2,"animation":"OpenCurtain","duration":0.0,"endpos":[-12.76,11.51,-49.29],"endrotation":[0.0,-90.0,0.0],"endscale":[3,3,3],"loop":0,"name":"Curtain1","startpos":[-12.76,11.51,-49.29],"startrotation":[0.0,-90.0,0.0],"startscale":[3,3,3],"timestamp":69.0,"type":1},{"action":2,"animation":"CloseCurtain","duration":0.0,"endpos":[-12.76,11.51,-49.29],"endrotation":[0.0,-90.0,0.0],"endscale":[3,3,3],"loop":0,"name":"Curtain1","startpos":[-12.76,11.51,-49.29],"startrotation":[0.0,-90.0,0.0],"startscale":[3,3,3],"timestamp":70.0,"type":1},{"action":2,"animation":"OpenCurtain","duration":0.0,"endpos":[-12.76,11.51,-49.29],"endrotation":[0.0,-90.0,0.0],"endscale":[3,3,3],"loop":0,"name":"Curtain1","startpos":[-12.76,11.51,-49.29],"startrotation":[0.0,-90.0,0.0],"startscale":[3,3,3],"timestamp":71.0,"type":1},{"action":2,"animation":"CloseCurtain","duration":0.0,"endpos":[-12.76,11.51,-49.29],"endrotation":[0.0,-90.0,0.0],"endscale":[3,3,3],"loop":0,"name":"Curtain1","startpos":[-12.76,11.51,-49.29],"startrotation":[0.0,-90.0,0.0],"startscale":[3,3,3],"timestamp":72.0,"type":1},{"action":2,"animation":"OpenCurtain","duration":0.0,"endpos":[-12.76,11.51,-49.29],"endrotation":[0.0,-90.0,0.0],"endscale":[3,3,3],"loop":0,"name":"Curtain1","startpos":[-12.76,11.51,-49.29],"startrotation":[0.0,-90.0,0.0],"startscale":[3,3,3],"timestamp":73.0,"type":1},{"action":2,"animation":"CloseCurtain","duration":0.0,"endpos":[-12.76,11.51,-49.29],"endrotation":[0.0,-90.0,0.0],"endscale":[3,3,3],"loop":0,"name":"Curtain1","startpos":[-12.76,11.51,-49.29],"startrotation":[0.0,-90.0,0.0],"startscale":[3,3,3],"timestamp":74.0,"type":1},{"action":2,"animation":"OpenCurtain","duration":0.0,"endpos":[-12.76,11.51,-49.29],"endrotation":[0.0,-90.0,0.0],"endscale":[3,3,3],"loop":0,"name":"Curtain1","startpos":[-12.76,11.51,-49.29],"startrotation":[0.0,-90.0,0.0],"startscale":[3,3,3],"timestamp":75.0,"type":1},{"action":2,"animation":"CloseCurtain","duration":0.0,"endpos":[-12.76,11.51,-49.29],"endrotation":[0.0,-90.0,0.0],"endscale":[3,3,3],"loop":0,"name":"Curtain1","startpos":[-12.76,11.51,-49.29],"startrotation":[0.0,-90.0,0.0],"startscale":[3,3,3],"timestamp":76.0,"type":1},{"action":2,"animation":"OpenCurtain","duration":0.0,"endpos":[-12.76,11.51,-49.29],"endrotation":[0.0,-90.0,0.0],"endscale":[3,3,3],"loop":0,"name":"Curtain1","startpos":[-12.76,11.51,-49.29],"startrotation":[0.0,-90.0,0.0],"startscale":[3,3,3],"timestamp":77.0,"type":1},{"action":2,"animation":"CloseCurtain","duration":0.0,"endpos":[-12.76,11.51,-49.29],"endrotation":[0.0,-90.0,0.0],"endscale":[3,3,3],"loop":0,"name":"Curtain1","startpos":[-12.76,11.51,-49.29],"startrotation":[0.0,-90.0,0.0],"startscale":[3,3,3],"timestamp":78.0,"type":1},{"action":2,"animation":"OpenCurtain","duration":0.0,"endpos":[-12.76,11.51,-49.29],"endrotation":[0.0,-90.0,0.0],"endscale":[3,3,3],"loop":0,"name":"Curtain1","startpos":[-12.76,11.51,-49.29],"startrotation":[0.0,-90.0,0.0],"startscale":[3,3,3],"timestamp":79.0,"type":1},{"action":2,"animation":"CloseCurtain","duration":0.0,"endpos":[-12.76,11.51,-49.29],"endrotation":[0.0,-90.0,0.0],"endscale":[3,3,3],"loop":0,"name":"Curtain1","startpos":[-12.76,11.51,-49.29],"startrotation":[0.0,-90.0,0.0],"startscale":[3,3,3],"timestamp":80.0,"type":1},{"action":2,"animation":"OpenCurtain","duration":0.0,"endpos":[-12.76,11.51,-49.29],"endrotation":[0.0,-90.0,0.0],"endscale":[3,3,3],"loop":0,"name":"Curtain1","startpos":[-12.76,11.51,-49.29],"startrotation":[0.0,-90.0,0.0],"startscale":[3,3,3],"timestamp":81.0,"type":1},{"action":2,"animation":"CloseCurtain","duration":0.0,"endpos":[-12.76,11.51,-49.29],"endrotation":[0.0,-90.0,0.0],"endscale":[3,3,3],"loop":0,"name":"Curtain1","startpos":[-12.76,11.51,-49.29],"startrotation":[0.0,-90.0,0.0],"startscale":[3,3,3],"timestamp":82.0,"type":1},{"action":2,"animation":"OpenCurtain","duration":0.0,"endpos":[-12.76,11.51,-49.29],"endrotation":[0.0,-90.0,0.0],"endscale":[3,3,3],"loop":0,"name":"Curtain1","startpos":[-12.76,11.51,-49.29],"startrotation":[0.0,-90.0,0.0],"startscale":[3,3,3],"timestamp":83.0,"type":1},{"action":2,"animation":"CloseCurtain","duration":0.0,"endpos":[-12.76,11.51,-49.29],"endrotation":[0.0,-90.0,0.0],"endscale":[3,3,3],"loop":0,"name":"Curtain1","startpos":[-12.76,11.51,-49.29],"startrotation":[0.0,-90.0,0.0],"startscale":[3,3,3],"timestamp":84.0,"type":1},{"action":2,"animation":"CloseCurtain","duration":0.0,"endpos":[-12.76,11.51,-49.29],"endrotation":[0.0,-90.0,0.0],"endscale":[3,3,3],"loop":0,"name":"Curtain1","startpos":[-12.76,11.51,-49.29],"startrotation":[0.0,-90.0,0.0],"startscale":[3,3,3],"timestamp":300.0,"type":1},{"action":0,"animation":"CloseCurtain","duration":0.0,"endpos":[14.82,11.51,-49.29],"endrotation":[0.0,-90.0,0.0],"endscale":[3,3,3],"loop":0,"name":"Curtain2","startpos":[14.82,11.51,-49.29],"startrotation":[0.0,-90.0,0.0],"startscale":[3,3,3],"timestamp":0.0,"type":1},{"action":2,"animation":"OpenCurtain","duration":0.0,"endpos":[14.82,11.51,-49.29],"endrotation":[0.0,-90.0,0.0],"endscale":[3,3,3],"loop":0,"name":"Curtain2","startpos":[14.82,11.51,-49.29],"startrotation":[0.0,-90.0,0.0],"startscale":[3,3,3],"timestamp":0.0,"type":1},{"action":2,"animation":"OpenCurtain","duration":0.0,"endpos":[14.82,11.51,-49.29],"endrotation":[0.0,-90.0,0.0],"endscale":[3,3,3],"loop":0,"name":"Curtain2","startpos":[14.82,11.51,-49.29],"startrotation":[0.0,-90.0,0.0],"startscale":[3,3,3],"timestamp":42.0,"type":1},{"action":2,"animation":"CloseCurtain","duration":0.0,"endpos":[14.82,11.51,-49.29],"endrotation":[0.0,-90.0,0.0],"endscale":[3,3,3],"loop":0,"name":"Curtain2","startpos":[14.82,11.51,-49.29],"startrotation":[0.0,-90.0,0.0],"startscale":[3,3,3],"timestamp":43.0,"type":1},{"action":2,"animation":"CloseCurtain","duration":0.0,"endpos":[14.82,11.51,-49.29],"endrotation":[0.0,-90.0,0.0],"endscale":[3,3,3],"loop":0,"name":"Curtain2","startpos":[14.82,11.51,-49.29],"startrotation":[0.0,-90.0,0.0],"startscale":[3,3,3],"timestamp":44.0,"type":1},{"action":2,"animation":"OpenCurtain","duration":0.0,"endpos":[14.82,11.51,-49.29],"endrotation":[0.0,-90.0,0.0],"endscale":[3,3,3],"loop":0,"name":"Curtain2","startpos":[14.82,11.51,-49.29],"startrotation":[0.0,-90.0,0.0],"startscale":[3,3,3],"timestamp":45.0,"type":1},{"action":2,"animation":"CloseCurtain","duration":0.0,"endpos":[14.82,11.51,-49.29],"endrotation":[0.0,-90.0,0.0],"endscale":[3,3,3],"loop":0,"name":"Curtain2","startpos":[14.82,11.51,-49.29],"startrotation":[0.0,-90.0,0.0],"startscale":[3,3,3],"timestamp":46.0,"type":1},{"action":2,"animation":"OpenCurtain","duration":0.0,"endpos":[14.82,11.51,-49.29],"endrotation":[0.0,-90.0,0.0],"endscale":[3,3,3],"loop":0,"name":"Curtain2","startpos":[14.82,11.51,-49.29],"startrotation":[0.0,-90.0,0.0],"startscale":[3,3,3],"timestamp":47.0,"type":1},{"action":2,"animation":"CloseCurtain","duration":0.0,"endpos":[14.82,11.51,-49.29],"endrotation":[0.0,-90.0,0.0],"endscale":[3,3,3],"loop":0,"name":"Curtain2","startpos":[14.82,11.51,-49.29],"startrotation":[0.0,-90.0,0.0],"startscale":[3,3,3],"timestamp":48.0,"type":1},{"action":2,"animation":"OpenCurtain","duration":0.0,"endpos":[14.82,11.51,-49.29],"endrotation":[0.0,-90.0,0.0],"endscale":[3,3,3],"loop":0,"name":"Curtain2","startpos":[14.82,11.51,-49.29],"startrotation":[0.0,-90.0,0.0],"startscale":[3,3,3],"timestamp":49.0,"type":1},{"action":2,"animation":"CloseCurtain","duration":0.0,"endpos":[14.82,11.51,-49.29],"endrotation":[0.0,-90.0,0.0],"endscale":[3,3,3],"loop":0,"name":"Curtain2","startpos":[14.82,11.51,-49.29],"startrotation":[0.0,-90.0,0.0],"startscale":[3,3,3],"timestamp":50.0,"type":1},{"action":2,"animation":"OpenCurtain","duration":0.0,"endpos":[14.82,11.51,-49.29],"endrotation":[0.0,-90.0,0.0],"endscale":[3,3,3],"loop":0,"name":"Curtain2","startpos":[14.82,11.51,-49.29],"startrotation":[0.0,-90.0,0.0],"startscale":[3,3,3],"timestamp":51.0,"type":1},{"action":2,"animation":"CloseCurtain","duration":0.0,"endpos":[14.82,11.51,-49.29],"endrotation":[0.0,-90.0,0.0],"endscale":[3,3,3],"loop":0,"name":"Curtain2","startpos":[14.82,11.51,-49.29],"startrotation":[0.0,-90.0,0.0],"startscale":[3,3,3],"timestamp":52.0,"type":1},{"action":2,"animation":"OpenCurtain","duration":0.0,"endpos":[14.82,11.51,-49.29],"endrotation":[0.0,-90.0,0.0],"endscale":[3,3,3],"loop":0,"name":"Curtain2","startpos":[14.82,11.51,-49.29],"startrotation":[0.0,-90.0,0.0],"startscale":[3,3,3],"timestamp":53.0,"type":1},{"action":2,"animation":"CloseCurtain","duration":0.0,"endpos":[14.82,11.51,-49.29],"endrotation":[0.0,-90.0,0.0],"endscale":[3,3,3],"loop":0,"name":"Curtain2","startpos":[14.82,11.51,-49.29],"startrotation":[0.0,-90.0,0.0],"startscale":[3,3,3],"timestamp":54.0,"type":1},{"action":2,"animation":"OpenCurtain","duration":0.0,"endpos":[14.82,11.51,-49.29],"endrotation":[0.0,-90.0,0.0],"endscale":[3,3,3],"loop":0,"name":"Curtain2","startpos":[14.82,11.51,-49.29],"startrotation":[0.0,-90.0,0.0],"startscale":[3,3,3],"timestamp":55.0,"type":1},{"action":2,"animation":"CloseCurtain","duration":0.0,"endpos":[14.82,11.51,-49.29],"endrotation":[0.0,-90.0,0.0],"endscale":[3,3,3],"loop":0,"name":"Curtain2","startpos":[14.82,11.51,-49.29],"startrotation":[0.0,-90.0,0.0],"startscale":[3,3,3],"timestamp":56.0,"type":1},{"action":2,"animation":"OpenCurtain","duration":0.0,"endpos":[14.82,11.51,-49.29],"endrotation":[0.0,-90.0,0.0],"endscale":[3,3,3],"loop":0,"name":"Curtain2","startpos":[14.82,11.51,-49.29],"startrotation":[0.0,-90.0,0.0],"startscale":[3,3,3],"timestamp":57.0,"type":1},{"action":2,"animation":"CloseCurtain","duration":0.0,"endpos":[14.82,11.51,-49.29],"endrotation":[0.0,-90.0,0.0],"endscale":[3,3,3],"loop":0,"name":"Curtain2","startpos":[14.82,11.51,-49.29],"startrotation":[0.0,-90.0,0.0],"startscale":[3,3,3],"timestamp":58.0,"type":1},{"action":2,"animation":"OpenCurtain","duration":0.0,"endpos":[14.82,11.51,-49.29],"endrotation":[0.0,-90.0,0.0],"endscale":[3,3,3],"loop":0,"name":"Curtain2","startpos":[14.82,11.51,-49.29],"startrotation":[0.0,-90.0,0.0],"startscale":[3,3,3],"timestamp":59.0,"type":1},{"action":2,"animation":"CloseCurtain","duration":0.0,"endpos":[14.82,11.51,-49.29],"endrotation":[0.0,-90.0,0.0],"endscale":[3,3,3],"loop":0,"name":"Curtain2","startpos":[14.82,11.51,-49.29],"startrotation":[0.0,-90.0,0.0],"startscale":[3,3,3],"timestamp":60.0,"type":1},{"action":2,"animation":"OpenCurtain","duration":0.0,"endpos":[14.82,11.51,-49.29],"endrotation":[0.0,-90.0,0.0],"endscale":[3,3,3],"loop":0,"name":"Curtain2","startpos":[14.82,11.51,-49.29],"startrotation":[0.0,-90.0,0.0],"startscale":[3,3,3],"timestamp":61.0,"type":1},{"action":2,"animation":"CloseCurtain","duration":0.0,"endpos":[14.82,11.51,-49.29],"endrotation":[0.0,-90.0,0.0],"endscale":[3,3,3],"loop":0,"name":"Curtain2","startpos":[14.82,11.51,-49.29],"startrotation":[0.0,-90.0,0.0],"startscale":[3,3,3],"timestamp":62.0,"type":1},{"action":2,"animation":"OpenCurtain","duration":0.0,"endpos":[14.82,11.51,-49.29],"endrotation":[0.0,-90.0,0.0],"endscale":[3,3,3],"loop":0,"name":"Curtain2","startpos":[14.82,11.51,-49.29],"startrotation":[0.0,-90.0,0.0],"startscale":[3,3,3],"timestamp":63.0,"type":1},{"action":2,"animation":"CloseCurtain","duration":0.0,"endpos":[14.82,11.51,-49.29],"endrotation":[0.0,-90.0,0.0],"endscale":[3,3,3],"loop":0,"name":"Curtain2","startpos":[14.82,11.51,-49.29],"startrotation":[0.0,-90.0,0.0],"startscale":[3,3,3],"timestamp":64.0,"type":1},{"action":2,"animation":"OpenCurtain","duration":0.0,"endpos":[14.82,11.51,-49.29],"endrotation":[0.0,-90.0,0.0],"endscale":[3,3,3],"loop":0,"name":"Curtain2","startpos":[14.82,11.51,-49.29],"startrotation":[0.0,-90.0,0.0],"startscale":[3,3,3],"timestamp":65.0,"type":1},{"action":2,"animation":"CloseCurtain","duration":0.0,"endpos":[14.82,11.51,-49.29],"endrotation":[0.0,-90.0,0.0],"endscale":[3,3,3],"loop":0,"name":"Curtain2","startpos":[14.82,11.51,-49.29],"startrotation":[0.0,-90.0,0.0],"startscale":[3,3,3],"timestamp":66.0,"type":1},{"action":2,"animation":"OpenCurtain","duration":0.0,"endpos":[14.82,11.51,-49.29],"endrotation":[0.0,-90.0,0.0],"endscale":[3,3,3],"loop":0,"name":"Curtain2","startpos":[14.82,11.51,-49.29],"startrotation":[0.0,-90.0,0.0],"startscale":[3,3,3],"timestamp":67.0,"type":1},{"action":2,"animation":"CloseCurtain","duration":0.0,"endpos":[14.82,11.51,-49.29],"endrotation":[0.0,-90.0,0.0],"endscale":[3,3,3],"loop":0,"name":"Curtain2","startpos":[14.82,11.51,-49.29],"startrotation":[0.0,-90.0,0.0],"startscale":[3,3,3],"timestamp":68.0,"type":1},{"action":2,"animation":"OpenCurtain","duration":0.0,"endpos":[14.82,11.51,-49.29],"endrotation":[0.0,-90.0,0.0],"endscale":[3,3,3],"loop":0,"name":"Curtain2","startpos":[14.82,11.51,-49.29],"startrotation":[0.0,-90.0,0.0],"startscale":[3,3,3],"timestamp":69.0,"type":1},{"action":2,"animation":"CloseCurtain","duration":0.0,"endpos":[14.82,11.51,-49.29],"endrotation":[0.0,-90.0,0.0],"endscale":[3,3,3],"loop":0,"name":"Curtain2","startpos":[14.82,11.51,-49.29],"startrotation":[0.0,-90.0,0.0],"startscale":[3,3,3],"timestamp":70.0,"type":1},{"action":2,"animation":"OpenCurtain","duration":0.0,"endpos":[14.82,11.51,-49.29],"endrotation":[0.0,-90.0,0.0],"endscale":[3,3,3],"loop":0,"name":"Curtain2","startpos":[14.82,11.51,-49.29],"startrotation":[0.0,-90.0,0.0],"startscale":[3,3,3],"timestamp":71.0,"type":1},{"action":2,"animation":"CloseCurtain","duration":0.0,"endpos":[14.82,11.51,-49.29],"endrotation":[0.0,-90.0,0.0],"endscale":[3,3,3],"loop":0,"name":"Curtain2","startpos":[14.82,11.51,-49.29],"startrotation":[0.0,-90.0,0.0],"startscale":[3,3,3],"timestamp":72.0,"type":1},{"action":2,"animation":"OpenCurtain","duration":0.0,"endpos":[14.82,11.51,-49.29],"endrotation":[0.0,-90.0,0.0],"endscale":[3,3,3],"loop":0,"name":"Curtain2","startpos":[14.82,11.51,-49.29],"startrotation":[0.0,-90.0,0.0],"startscale":[3,3,3],"timestamp":73.0,"type":1},{"action":2,"animation":"CloseCurtain","duration":0.0,"endpos":[14.82,11.51,-49.29],"endrotation":[0.0,-90.0,0.0],"endscale":[3,3,3],"loop":0,"name":"Curtain2","startpos":[14.82,11.51,-49.29],"startrotation":[0.0,-90.0,0.0],"startscale":[3,3,3],"timestamp":74.0,"type":1},{"action":2,"animation":"OpenCurtain","duration":0.0,"endpos":[14.82,11.51,-49.29],"endrotation":[0.0,-90.0,0.0],"endscale":[3,3,3],"loop":0,"name":"Curtain2","startpos":[14.82,11.51,-49.29],"startrotation":[0.0,-90.0,0.0],"startscale":[3,3,3],"timestamp":75.0,"type":1},{"action":2,"animation":"CloseCurtain","duration":0.0,"endpos":[14.82,11.51,-49.29],"endrotation":[0.0,-90.0,0.0],"endscale":[3,3,3],"loop":0,"name":"Curtain2","startpos":[14.82,11.51,-49.29],"startrotation":[0.0,-90.0,0.0],"startscale":[3,3,3],"timestamp":76.0,"type":1},{"action":2,"animation":"OpenCurtain","duration":0.0,"endpos":[14.82,11.51,-49.29],"endrotation":[0.0,-90.0,0.0],"endscale":[3,3,3],"loop":0,"name":"Curtain2","startpos":[14.82,11.51,-49.29],"startrotation":[0.0,-90.0,0.0],"startscale":[3,3,3],"timestamp":77.0,"type":1},{"action":2,"animation":"CloseCurtain","duration":0.0,"endpos":[14.82,11.51,-49.29],"endrotation":[0.0,-90.0,0.0],"endscale":[3,3,3],"loop":0,"name":"Curtain2","startpos":[14.82,11.51,-49.29],"startrotation":[0.0,-90.0,0.0],"startscale":[3,3,3],"timestamp":78.0,"type":1},{"action":2,"animation":"OpenCurtain","duration":0.0,"endpos":[14.82,11.51,-49.29],"endrotation":[0.0,-90.0,0.0],"endscale":[3,3,3],"loop":0,"name":"Curtain2","startpos":[14.82,11.51,-49.29],"startrotation":[0.0,-90.0,0.0],"startscale":[3,3,3],"timestamp":79.0,"type":1},{"action":2,"animation":"CloseCurtain","duration":0.0,"endpos":[14.82,11.51,-49.29],"endrotation":[0.0,-90.0,0.0],"endscale":[3,3,3],"loop":0,"name":"Curtain2","startpos":[14.82,11.51,-49.29],"startrotation":[0.0,-90.0,0.0],"startscale":[3,3,3],"timestamp":80.0,"type":1},{"action":2,"animation":"OpenCurtain","duration":0.0,"endpos":[14.82,11.51,-49.29],"endrotation":[0.0,-90.0,0.0],"endscale":[3,3,3],"loop":0,"name":"Curtain2","startpos":[14.82,11.51,-49.29],"startrotation":[0.0,-90.0,0.0],"startscale":[3,3,3],"timestamp":81.0,"type":1},{"action":2,"animation":"CloseCurtain","duration":0.0,"endpos":[14.82,11.51,-49.29],"endrotation":[0.0,-90.0,0.0],"endscale":[3,3,3],"loop":0,"name":"Curtain2","startpos":[14.82,11.51,-49.29],"startrotation":[0.0,-90.0,0.0],"startscale":[3,3,3],"timestamp":82.0,"type":1},{"action":2,"animation":"OpenCurtain","duration":0.0,"endpos":[14.82,11.51,-49.29],"endrotation":[0.0,-90.0,0.0],"endscale":[3,3,3],"loop":0,"name":"Curtain2","startpos":[14.82,11.51,-49.29],"startrotation":[0.0,-90.0,0.0],"startscale":[3,3,3],"timestamp":83.0,"type":1},{"action":2,"animation":"CloseCurtain","duration":0.0,"endpos":[14.82,11.51,-49.29],"endrotation":[0.0,-90.0,0.0],"endscale":[3,3,3],"loop":0,"name":"Curtain2","startpos":[14.82,11.51,-49.29],"startrotation":[0.0,-90.0,0.0],"startscale":[3,3,3],"timestamp":84.0,"type":1},{"action":2,"animation":"CloseCurtain","duration":0.0,"endpos":[14.82,11.51,-49.29],"endrotation":[0.0,-90.0,0.0],"endscale":[3,3,3],"loop":0,"name":"Curtain2","startpos":[14.82,11.51,-49.29],"startrotation":[0.0,-90.0,0.0],"startscale":[3,3,3],"timestamp":300.0,"type":1},{"action":0,"animation":"CloseCurtain","duration":0.0,"endpos":[-62.22,11.38,-60.95],"endrotation":[0.0,-90.0,0.0],"endscale":[3,3,3],"loop":0,"name":"Curtain3","startpos":[-62.22,11.38,-60.95],"startrotation":[0.0,-90.0,0.0],"startscale":[3,3,3],"timestamp":0.0,"type":1},{"action":2,"animation":"OpenCurtain","duration":0.0,"endpos":[-62.22,11.38,-60.95],"endrotation":[0.0,-90.0,0.0],"endscale":[3,3,3],"loop":0,"name":"Curtain3","startpos":[-62.22,11.38,-60.95],"startrotation":[0.0,-90.0,0.0],"startscale":[3,3,3],"timestamp":0.0,"type":1},{"action":2,"animation":"OpenCurtain","duration":0.0,"endpos":[-62.22,11.38,-60.95],"endrotation":[0.0,-90.0,0.0],"endscale":[3,3,3],"loop":0,"name":"Curtain3","startpos":[-62.22,11.38,-60.95],"startrotation":[0.0,-90.0,0.0],"startscale":[3,3,3],"timestamp":84.0,"type":1},{"action":2,"animation":"CloseCurtain","duration":0.0,"endpos":[-62.22,11.38,-60.95],"endrotation":[0.0,-90.0,0.0],"endscale":[3,3,3],"loop":0,"name":"Curtain3","startpos":[-62.22,11.38,-60.95],"startrotation":[0.0,-90.0,0.0],"startscale":[3,3,3],"timestamp":85.0,"type":1},{"action":2,"animation":"CloseCurtain","duration":0.0,"endpos":[-62.22,11.38,-60.95],"endrotation":[0.0,-90.0,0.0],"endscale":[3,3,3],"loop":0,"name":"Curtain3","startpos":[-62.22,11.38,-60.95],"startrotation":[0.0,-90.0,0.0],"startscale":[3,3,3],"timestamp":86.0,"type":1},{"action":2,"animation":"OpenCurtain","duration":0.0,"endpos":[-62.22,11.38,-60.95],"endrotation":[0.0,-90.0,0.0],"endscale":[3,3,3],"loop":0,"name":"Curtain3","startpos":[-62.22,11.38,-60.95],"startrotation":[0.0,-90.0,0.0],"startscale":[3,3,3],"timestamp":87.0,"type":1},{"action":2,"animation":"CloseCurtain","duration":0.0,"endpos":[-62.22,11.38,-60.95],"endrotation":[0.0,-90.0,0.0],"endscale":[3,3,3],"loop":0,"name":"Curtain3","startpos":[-62.22,11.38,-60.95],"startrotation":[0.0,-90.0,0.0],"startscale":[3,3,3],"timestamp":88.0,"type":1},{"action":2,"animation":"OpenCurtain","duration":0.0,"endpos":[-62.22,11.38,-60.95],"endrotation":[0.0,-90.0,0.0],"endscale":[3,3,3],"loop":0,"name":"Curtain3","startpos":[-62.22,11.38,-60.95],"startrotation":[0.0,-90.0,0.0],"startscale":[3,3,3],"timestamp":89.0,"type":1},{"action":2,"animation":"CloseCurtain","duration":0.0,"endpos":[-62.22,11.38,-60.95],"endrotation":[0.0,-90.0,0.0],"endscale":[3,3,3],"loop":0,"name":"Curtain3","startpos":[-62.22,11.38,-60.95],"startrotation":[0.0,-90.0,0.0],"startscale":[3,3,3],"timestamp":90.0,"type":1},{"action":2,"animation":"OpenCurtain","duration":0.0,"endpos":[-62.22,11.38,-60.95],"endrotation":[0.0,-90.0,0.0],"endscale":[3,3,3],"loop":0,"name":"Curtain3","startpos":[-62.22,11.38,-60.95],"startrotation":[0.0,-90.0,0.0],"startscale":[3,3,3],"timestamp":91.0,"type":1},{"action":2,"animation":"CloseCurtain","duration":0.0,"endpos":[-62.22,11.38,-60.95],"endrotation":[0.0,-90.0,0.0],"endscale":[3,3,3],"loop":0,"name":"Curtain3","startpos":[-62.22,11.38,-60.95],"startrotation":[0.0,-90.0,0.0],"startscale":[3,3,3],"timestamp":92.0,"type":1},{"action":2,"animation":"OpenCurtain","duration":0.0,"endpos":[-62.22,11.38,-60.95],"endrotation":[0.0,-90.0,0.0],"endscale":[3,3,3],"loop":0,"name":"Curtain3","startpos":[-62.22,11.38,-60.95],"startrotation":[0.0,-90.0,0.0],"startscale":[3,3,3],"timestamp":93.0,"type":1},{"action":2,"animation":"CloseCurtain","duration":0.0,"endpos":[-62.22,11.38,-60.95],"endrotation":[0.0,-90.0,0.0],"endscale":[3,3,3],"loop":0,"name":"Curtain3","startpos":[-62.22,11.38,-60.95],"startrotation":[0.0,-90.0,0.0],"startscale":[3,3,3],"timestamp":94.0,"type":1},{"action":2,"animation":"OpenCurtain","duration":0.0,"endpos":[-62.22,11.38,-60.95],"endrotation":[0.0,-90.0,0.0],"endscale":[3,3,3],"loop":0,"name":"Curtain3","startpos":[-62.22,11.38,-60.95],"startrotation":[0.0,-90.0,0.0],"startscale":[3,3,3],"timestamp":95.0,"type":1},{"action":2,"animation":"CloseCurtain","duration":0.0,"endpos":[-62.22,11.38,-60.95],"endrotation":[0.0,-90.0,0.0],"endscale":[3,3,3],"loop":0,"name":"Curtain3","startpos":[-62.22,11.38,-60.95],"startrotation":[0.0,-90.0,0.0],"startscale":[3,3,3],"timestamp":96.0,"type":1},{"action":2,"animation":"OpenCurtain","duration":0.0,"endpos":[-62.22,11.38,-60.95],"endrotation":[0.0,-90.0,0.0],"endscale":[3,3,3],"loop":0,"name":"Curtain3","startpos":[-62.22,11.38,-60.95],"startrotation":[0.0,-90.0,0.0],"startscale":[3,3,3],"timestamp":97.0,"type":1},{"action":2,"animation":"CloseCurtain","duration":0.0,"endpos":[-62.22,11.38,-60.95],"endrotation":[0.0,-90.0,0.0],"endscale":[3,3,3],"loop":0,"name":"Curtain3","startpos":[-62.22,11.38,-60.95],"startrotation":[0.0,-90.0,0.0],"startscale":[3,3,3],"timestamp":98.0,"type":1},{"action":2,"animation":"OpenCurtain","duration":0.0,"endpos":[-62.22,11.38,-60.95],"endrotation":[0.0,-90.0,0.0],"endscale":[3,3,3],"loop":0,"name":"Curtain3","startpos":[-62.22,11.38,-60.95],"startrotation":[0.0,-90.0,0.0],"startscale":[3,3,3],"timestamp":99.0,"type":1},{"action":2,"animation":"CloseCurtain","duration":0.0,"endpos":[-62.22,11.38,-60.95],"endrotation":[0.0,-90.0,0.0],"endscale":[3,3,3],"loop":0,"name":"Curtain3","startpos":[-62.22,11.38,-60.95],"startrotation":[0.0,-90.0,0.0],"startscale":[3,3,3],"timestamp":100.0,"type":1},{"action":2,"animation":"OpenCurtain","duration":0.0,"endpos":[-62.22,11.38,-60.95],"endrotation":[0.0,-90.0,0.0],"endscale":[3,3,3],"loop":0,"name":"Curtain3","startpos":[-62.22,11.38,-60.95],"startrotation":[0.0,-90.0,0.0],"startscale":[3,3,3],"timestamp":101.0,"type":1},{"action":2,"animation":"CloseCurtain","duration":0.0,"endpos":[-62.22,11.38,-60.95],"endrotation":[0.0,-90.0,0.0],"endscale":[3,3,3],"loop":0,"name":"Curtain3","startpos":[-62.22,11.38,-60.95],"startrotation":[0.0,-90.0,0.0],"startscale":[3,3,3],"timestamp":102.0,"type":1},{"action":2,"animation":"OpenCurtain","duration":0.0,"endpos":[-62.22,11.38,-60.95],"endrotation":[0.0,-90.0,0.0],"endscale":[3,3,3],"loop":0,"name":"Curtain3","startpos":[-62.22,11.38,-60.95],"startrotation":[0.0,-90.0,0.0],"startscale":[3,3,3],"timestamp":103.0,"type":1},{"action":2,"animation":"CloseCurtain","duration":0.0,"endpos":[-62.22,11.38,-60.95],"endrotation":[0.0,-90.0,0.0],"endscale":[3,3,3],"loop":0,"name":"Curtain3","startpos":[-62.22,11.38,-60.95],"startrotation":[0.0,-90.0,0.0],"startscale":[3,3,3],"timestamp":104.0,"type":1},{"action":2,"animation":"OpenCurtain","duration":0.0,"endpos":[-62.22,11.38,-60.95],"endrotation":[0.0,-90.0,0.0],"endscale":[3,3,3],"loop":0,"name":"Curtain3","startpos":[-62.22,11.38,-60.95],"startrotation":[0.0,-90.0,0.0],"startscale":[3,3,3],"timestamp":105.0,"type":1},{"action":2,"animation":"CloseCurtain","duration":0.0,"endpos":[-62.22,11.38,-60.95],"endrotation":[0.0,-90.0,0.0],"endscale":[3,3,3],"loop":0,"name":"Curtain3","startpos":[-62.22,11.38,-60.95],"startrotation":[0.0,-90.0,0.0],"startscale":[3,3,3],"timestamp":106.0,"type":1},{"action":2,"animation":"OpenCurtain","duration":0.0,"endpos":[-62.22,11.38,-60.95],"endrotation":[0.0,-90.0,0.0],"endscale":[3,3,3],"loop":0,"name":"Curtain3","startpos":[-62.22,11.38,-60.95],"startrotation":[0.0,-90.0,0.0],"startscale":[3,3,3],"timestamp":107.0,"type":1},{"action":2,"animation":"CloseCurtain","duration":0.0,"endpos":[-62.22,11.38,-60.95],"endrotation":[0.0,-90.0,0.0],"endscale":[3,3,3],"loop":0,"name":"Curtain3","startpos":[-62.22,11.38,-60.95],"startrotation":[0.0,-90.0,0.0],"startscale":[3,3,3],"timestamp":108.0,"type":1},{"action":2,"animation":"OpenCurtain","duration":0.0,"endpos":[-62.22,11.38,-60.95],"endrotation":[0.0,-90.0,0.0],"endscale":[3,3,3],"loop":0,"name":"Curtain3","startpos":[-62.22,11.38,-60.95],"startrotation":[0.0,-90.0,0.0],"startscale":[3,3,3],"timestamp":109.0,"type":1},{"action":2,"animation":"CloseCurtain","duration":0.0,"endpos":[-62.22,11.38,-60.95],"endrotation":[0.0,-90.0,0.0],"endscale":[3,3,3],"loop":0,"name":"Curtain3","startpos":[-62.22,11.38,-60.95],"startrotation":[0.0,-90.0,0.0],"startscale":[3,3,3],"timestamp":110.0,"type":1},{"action":2,"animation":"OpenCurtain","duration":0.0,"endpos":[-62.22,11.38,-60.95],"endrotation":[0.0,-90.0,0.0],"endscale":[3,3,3],"loop":0,"name":"Curtain3","startpos":[-62.22,11.38,-60.95],"startrotation":[0.0,-90.0,0.0],"startscale":[3,3,3],"timestamp":111.0,"type":1},{"action":2,"animation":"CloseCurtain","duration":0.0,"endpos":[-62.22,11.38,-60.95],"endrotation":[0.0,-90.0,0.0],"endscale":[3,3,3],"loop":0,"name":"Curtain3","startpos":[-62.22,11.38,-60.95],"startrotation":[0.0,-90.0,0.0],"startscale":[3,3,3],"timestamp":112.0,"type":1},{"action":2,"animation":"OpenCurtain","duration":0.0,"endpos":[-62.22,11.38,-60.95],"endrotation":[0.0,-90.0,0.0],"endscale":[3,3,3],"loop":0,"name":"Curtain3","startpos":[-62.22,11.38,-60.95],"startrotation":[0.0,-90.0,0.0],"startscale":[3,3,3],"timestamp":113.0,"type":1},{"action":2,"animation":"CloseCurtain","duration":0.0,"endpos":[-62.22,11.38,-60.95],"endrotation":[0.0,-90.0,0.0],"endscale":[3,3,3],"loop":0,"name":"Curtain3","startpos":[-62.22,11.38,-60.95],"startrotation":[0.0,-90.0,0.0],"startscale":[3,3,3],"timestamp":114.0,"type":1},{"action":2,"animation":"OpenCurtain","duration":0.0,"endpos":[-62.22,11.38,-60.95],"endrotation":[0.0,-90.0,0.0],"endscale":[3,3,3],"loop":0,"name":"Curtain3","startpos":[-62.22,11.38,-60.95],"startrotation":[0.0,-90.0,0.0],"startscale":[3,3,3],"timestamp":115.0,"type":1},{"action":2,"animation":"CloseCurtain","duration":0.0,"endpos":[-62.22,11.38,-60.95],"endrotation":[0.0,-90.0,0.0],"endscale":[3,3,3],"loop":0,"name":"Curtain3","startpos":[-62.22,11.38,-60.95],"startrotation":[0.0,-90.0,0.0],"startscale":[3,3,3],"timestamp":116.0,"type":1},{"action":2,"animation":"OpenCurtain","duration":0.0,"endpos":[-62.22,11.38,-60.95],"endrotation":[0.0,-90.0,0.0],"endscale":[3,3,3],"loop":0,"name":"Curtain3","startpos":[-62.22,11.38,-60.95],"startrotation":[0.0,-90.0,0.0],"startscale":[3,3,3],"timestamp":117.0,"type":1},{"action":2,"animation":"CloseCurtain","duration":0.0,"endpos":[-62.22,11.38,-60.95],"endrotation":[0.0,-90.0,0.0],"endscale":[3,3,3],"loop":0,"name":"Curtain3","startpos":[-62.22,11.38,-60.95],"startrotation":[0.0,-90.0,0.0],"startscale":[3,3,3],"timestamp":118.0,"type":1},{"action":2,"animation":"OpenCurtain","duration":0.0,"endpos":[-62.22,11.38,-60.95],"endrotation":[0.0,-90.0,0.0],"endscale":[3,3,3],"loop":0,"name":"Curtain3","startpos":[-62.22,11.38,-60.95],"startrotation":[0.0,-90.0,0.0],"startscale":[3,3,3],"timestamp":119.0,"type":1},{"action":2,"animation":"CloseCurtain","duration":0.0,"endpos":[-62.22,11.38,-60.95],"endrotation":[0.0,-90.0,0.0],"endscale":[3,3,3],"loop":0,"name":"Curtain3","startpos":[-62.22,11.38,-60.95],"startrotation":[0.0,-90.0,0.0],"startscale":[3,3,3],"timestamp":120.0,"type":1},{"action":2,"animation":"OpenCurtain","duration":0.0,"endpos":[-62.22,11.38,-60.95],"endrotation":[0.0,-90.0,0.0],"endscale":[3,3,3],"loop":0,"name":"Curtain3","startpos":[-62.22,11.38,-60.95],"startrotation":[0.0,-90.0,0.0],"startscale":[3,3,3],"timestamp":121.0,"type":1},{"action":2,"animation":"CloseCurtain","duration":0.0,"endpos":[-62.22,11.38,-60.95],"endrotation":[0.0,-90.0,0.0],"endscale":[3,3,3],"loop":0,"name":"Curtain3","startpos":[-62.22,11.38,-60.95],"startrotation":[0.0,-90.0,0.0],"startscale":[3,3,3],"timestamp":122.0,"type":1},{"action":2,"animation":"OpenCurtain","duration":0.0,"endpos":[-62.22,11.38,-60.95],"endrotation":[0.0,-90.0,0.0],"endscale":[3,3,3],"loop":0,"name":"Curtain3","startpos":[-62.22,11.38,-60.95],"startrotation":[0.0,-90.0,0.0],"startscale":[3,3,3],"timestamp":123.0,"type":1},{"action":2,"animation":"CloseCurtain","duration":0.0,"endpos":[-62.22,11.38,-60.95],"endrotation":[0.0,-90.0,0.0],"endscale":[3,3,3],"loop":0,"name":"Curtain3","startpos":[-62.22,11.38,-60.95],"startrotation":[0.0,-90.0,0.0],"startscale":[3,3,3],"timestamp":124.0,"type":1},{"action":2,"animation":"OpenCurtain","duration":0.0,"endpos":[-62.22,11.38,-60.95],"endrotation":[0.0,-90.0,0.0],"endscale":[3,3,3],"loop":0,"name":"Curtain3","startpos":[-62.22,11.38,-60.95],"startrotation":[0.0,-90.0,0.0],"startscale":[3,3,3],"timestamp":125.0,"type":1},{"action":2,"animation":"CloseCurtain","duration":0.0,"endpos":[-62.22,11.38,-60.95],"endrotation":[0.0,-90.0,0.0],"endscale":[3,3,3],"loop":0,"name":"Curtain3","startpos":[-62.22,11.38,-60.95],"startrotation":[0.0,-90.0,0.0],"startscale":[3,3,3],"timestamp":126.0,"type":1},{"action":2,"animation":"CloseCurtain","duration":0.0,"endpos":[-62.22,11.38,-60.95],"endrotation":[0.0,-90.0,0.0],"endscale":[3,3,3],"loop":0,"name":"Curtain3","startpos":[-62.22,11.38,-60.95],"startrotation":[0.0,-90.0,0.0],"startscale":[3,3,3],"timestamp":300.0,"type":1},{"action":0,"animation":"CloseCurtain","duration":0.0,"endpos":[41.7,11.38,-52.1],"endrotation":[0.0,-90.0,0.0],"endscale":[3,3,3],"loop":0,"name":"Curtain4","startpos":[41.7,11.38,-52.1],"startrotation":[0.0,-90.0,0.0],"startscale":[3,3,3],"timestamp":0.0,"type":1},{"action":2,"animation":"OpenCurtain","duration":0.0,"endpos":[41.7,11.38,-52.1],"endrotation":[0.0,-90.0,0.0],"endscale":[3,3,3],"loop":0,"name":"Curtain4","startpos":[41.7,11.38,-52.1],"startrotation":[0.0,-90.0,0.0],"startscale":[3,3,3],"timestamp":0.0,"type":1},{"action":2,"animation":"OpenCurtain","duration":0.0,"endpos":[41.7,11.38,-52.1],"endrotation":[0.0,-90.0,0.0],"endscale":[3,3,3],"loop":0,"name":"Curtain4","startpos":[41.7,11.38,-52.1],"startrotation":[0.0,-90.0,0.0],"startscale":[3,3,3],"timestamp":9.0,"type":1},{"action":2,"animation":"CloseCurtain","duration":0.0,"endpos":[41.7,11.38,-52.1],"endrotation":[0.0,-90.0,0.0],"endscale":[3,3,3],"loop":0,"name":"Curtain4","startpos":[41.7,11.38,-52.1],"startrotation":[0.0,-90.0,0.0],"startscale":[3,3,3],"timestamp":15.0,"type":1},{"action":0,"animation":"AirOff","duration":0.0,"endpos":[-22.6,5.0,-5.18],"endrotation":[-90.0,90.0,0.0],"endscale":[6,6,6],"loop":0,"name":"Air","startpos":[-22.6,5.0,-5.18],"startrotation":[-90.0,90.0,0.0],"startscale":[6,6,6],"timestamp":0.0,"type":2},{"action":2,"animation":"AirOff","duration":0.0,"endpos":[-22.6,5.0,-5.18],"endrotation":[-90.0,90.0,0.0],"endscale":[6,6,6],"loop":0,"name":"Air","startpos":[-22.6,5.0,-5.18],"startrotation":[-90.0,90.0,0.0],"startscale":[6,6,6],"timestamp":0.0,"type":2},{"action":2,"animation":"AirOff","duration":0.0,"endpos":[-22.6,5.0,-5.18],"endrotation":[-90.0,90.0,0.0],"endscale":[6,6,6],"loop":0,"name":"Air","startpos":[-22.6,5.0,-5.18],"startrotation":[-90.0,90.0,0.0],"startscale":[6,6,6],"timestamp":1.0,"type":2},{"action":2,"animation":"AirHot","duration":0.0,"endpos":[-22.6,5.0,-5.18],"endrotation":[-90.0,90.0,0.0],"endscale":[6,6,6],"loop":0,"name":"Air","startpos":[-22.6,5.0,-5.18],"startrotation":[-90.0,90.0,0.0],"startscale":[6,6,6],"timestamp":2.0,"type":2},{"action":2,"animation":"AirHot","duration":0.0,"endpos":[-22.6,5.0,-5.18],"endrotation":[-90.0,90.0,0.0],"endscale":[6,6,6],"loop":0,"name":"Air","startpos":[-22.6,5.0,-5.18],"startrotation":[-90.0,90.0,0.0],"startscale":[6,6,6],"timestamp":16.0,"type":2},{"action":2,"animation":"AirCold","duration":0.0,"endpos":[-22.6,5.0,-5.18],"endrotation":[-90.0,90.0,0.0],"endscale":[6,6,6],"loop":0,"name":"Air","startpos":[-22.6,5.0,-5.18],"startrotation":[-90.0,90.0,0.0],"startscale":[6,6,6],"timestamp":17.0,"type":2},{"action":2,"animation":"AirCold","duration":0.0,"endpos":[-22.6,5.0,-5.18],"endrotation":[-90.0,90.0,0.0],"endscale":[6,6,6],"loop":0,"name":"Air","startpos":[-22.6,5.0,-5.18],"startrotation":[-90.0,90.0,0.0],"startscale":[6,6,6],"timestamp":43.0,"type":2},{"action":2,"animation":"AirHot","duration":0.0,"endpos":[-22.6,5.0,-5.18],"endrotation":[-90.0,90.0,0.0],"endscale":[6,6,6],"loop":0,"name":"Air","startpos":[-22.6,5.0,-5.18],"startrotation":[-90.0,90.0,0.0],"startscale":[6,6,6],"timestamp":44.0,"type":2},{"action":2,"animation":"AirHot","duration":0.0,"endpos":[-22.6,5.0,-5.18],"endrotation":[-90.0,90.0,0.0],"endscale":[6,6,6],"loop":0,"name":"Air","startpos":[-22.6,5.0,-5.18],"startrotation":[-90.0,90.0,0.0],"startscale":[6,6,6],"timestamp":70.0,"type":2},{"action":2,"animation":"AirCold","duration":0.0,"endpos":[-22.6,5.0,-5.18],"endrotation":[-90.0,90.0,0.0],"endscale":[6,6,6],"loop":0,"name":"Air","startpos":[-22.6,5.0,-5.18],"startrotation":[-90.0,90.0,0.0],"startscale":[6,6,6],"timestamp":71.0,"type":2},{"action":2,"animation":"AirHot","duration":0.0,"endpos":[-22.6,5.0,-5.18],"endrotation":[-90.0,90.0,0.0],"endscale":[6,6,6],"loop":0,"name":"Air","startpos":[-22.6,5.0,-5.18],"startrotation":[-90.0,90.0,0.0],"startscale":[6,6,6],"timestamp":98.0,"type":2},{"action":2,"animation":"AirCold","duration":0.0,"endpos":[-22.6,5.0,-5.18],"endrotation":[-90.0,90.0,0.0],"endscale":[6,6,6],"loop":0,"name":"Air","startpos":[-22.6,5.0,-5.18],"startrotation":[-90.0,90.0,0.0],"startscale":[6,6,6],"timestamp":125.0,"type":2},{"action":2,"animation":"AirHot","duration":0.0,"endpos":[-22.6,5.0,-5.18],"endrotation":[-90.0,90.0,0.0],"endscale":[6,6,6],"loop":0,"name":"Air","startpos":[-22.6,5.0,-5.18],"startrotation":[-90.0,90.0,0.0],"startscale":[6,6,6],"timestamp":152.0,"type":2},{"action":2,"animation":"AirCold","duration":0.0,"endpos":[-22.6,5.0,-5.18],"endrotation":[-90.0,90.0,0.0],"endscale":[6,6,6],"loop":0,"name":"Air","startpos":[-22.6,5.0,-5.18],"startrotation":[-90.0,90.0,0.0],"startscale":[6,6,6],"timestamp":179.0,"type":2},{"action":2,"animation":"AirHot","duration":0.0,"endpos":[-22.6,5.0,-5.18],"endrotation":[-90.0,90.0,0.0],"endscale":[6,6,6],"loop":0,"name":"Air","startpos":[-22.6,5.0,-5.18],"startrotation":[-90.0,90.0,0.0],"startscale":[6,6,6],"timestamp":206.0,"type":2},{"action":2,"animation":"AirCold","duration":0.0,"endpos":[-22.6,5.0,-5.18],"endrotation":[-90.0,90.0,0.0],"endscale":[6,6,6],"loop":0,"name":"Air","startpos":[-22.6,5.0,-5.18],"startrotation":[-90.0,90.0,0.0],"startscale":[6,6,6],"timestamp":233.0,"type":2},{"action":2,"animation":"AirOff","duration":0.0,"endpos":[-22.6,5.0,-5.18],"endrotation":[-90.0,90.0,0.0],"endscale":[6,6,6],"loop":0,"name":"Air","startpos":[-22.6,5.0,-5.18],"startrotation":[-90.0,90.0,0.0],"startscale":[6,6,6],"timestamp":253.0,"type":2},{"action":2,"animation":"AirOff","duration":0.0,"endpos":[-22.6,5.0,-5.18],"endrotation":[-90.0,90.0,0.0],"endscale":[6,6,6],"loop":0,"name":"Air","startpos":[-22.6,5.0,-5.18],"startrotation":[-90.0,90.0,0.0],"startscale":[6,6,6],"timestamp":300.0,"type":2},{"action":0,"animation":"LightOff","duration":0.0,"endpos":[17.0,12.0,-25.0],"endrotation":[0.0,0.0,0.0],"endscale":[6,6,6],"loop":0,"name":"Light1","startpos":[17.0,12.0,-25.0],"startrotation":[0.0,0.0,0.0],"startscale":[6,6,6],"timestamp":0.0,"type":0},{"action":2,"animation":"LightOff","duration":0.0,"endpos":[17.0,12.0,-25.0],"endrotation":[0.0,0.0,0.0],"endscale":[6,6,6],"loop":0,"name":"Light1","startpos":[17.0,12.0,-25.0],"startrotation":[0.0,0.0,0.0],"startscale":[6,6,6],"timestamp":1.0,"type":0},{"action":2,"animation":"LightOn","duration":0.0,"endpos":[17.0,12.0,-25.0],"endrotation":[0.0,0.0,0.0],"endscale":[6,6,6],"loop":0,"name":"Light1","startpos":[17.0,12.0,-25.0],"startrotation":[0.0,0.0,0.0],"startscale":[6,6,6],"timestamp":42.0,"type":0},{"action":2,"animation":"LightOff","duration":0.0,"endpos":[17.0,12.0,-25.0],"endrotation":[0.0,0.0,0.0],"endscale":[6,6,6],"loop":0,"name":"Light1","startpos":[17.0,12.0,-25.0],"startrotation":[0.0,0.0,0.0],"startscale":[6,6,6],"timestamp":84.0,"type":0},{"action":2,"animation":"LightOff","duration":0.0,"endpos":[17.0,12.0,-25.0],"endrotation":[0.0,0.0,0.0],"endscale":[6,6,6],"loop":0,"name":"Light1","startpos":[17.0,12.0,-25.0],"startrotation":[0.0,0.0,0.0],"startscale":[6,6,6],"timestamp":300.0,"type":0},{"action":0,"animation":"LightOff","duration":0.0,"endpos":[5.0,12.0,-25.0],"endrotation":[0.0,0.0,0.0],"endscale":[6,6,6],"loop":0,"name":"Light4","startpos":[5.0,12.0,-25.0],"startrotation":[0.0,0.0,0.0],"startscale":[6,6,6],"timestamp":0.0,"type":0},{"action":2,"animation":"LightOff","duration":0.0,"endpos":[5.0,12.0,-25.0],"endrotation":[0.0,0.0,0.0],"endscale":[6,6,6],"loop":0,"name":"Light4","startpos":[5.0,12.0,-25.0],"startrotation":[0.0,0.0,0.0],"startscale":[6,6,6],"timestamp":1.0,"type":0},{"action":2,"animation":"LightOn","duration":0.0,"endpos":[5.0,12.0,-25.0],"endrotation":[0.0,0.0,0.0],"endscale":[6,6,6],"loop":0,"name":"Light4","startpos":[5.0,12.0,-25.0],"startrotation":[0.0,0.0,0.0],"startscale":[6,6,6],"timestamp":42.0,"type":0},{"action":2,"animation":"LightOff","duration":0.0,"endpos":[5.0,12.0,-25.0],"endrotation":[0.0,0.0,0.0],"endscale":[6,6,6],"loop":0,"name":"Light4","startpos":[5.0,12.0,-25.0],"startrotation":[0.0,0.0,0.0],"startscale":[6,6,6],"timestamp":84.0,"type":0},{"action":2,"animation":"LightOff","duration":0.0,"endpos":[5.0,12.0,-25.0],"endrotation":[0.0,0.0,0.0],"endscale":[6,6,6],"loop":0,"name":"Light4","startpos":[5.0,12.0,-25.0],"startrotation":[0.0,0.0,0.0],"startscale":[6,6,6],"timestamp":300.0,"type":0},{"action":0,"animation":"LightOff","duration":0.0,"endpos":[-35.0,12.0,-25.0],"endrotation":[0.0,0.0,0.0],"endscale":[6,6,6],"loop":0,"name":"Light2","startpos":[-35.0,12.0,-25.0],"startrotation":[0.0,0.0,0.0],"startscale":[6,6,6],"timestamp":0.0,"type":0},{"action":2,"animation":"LightOff","duration":0.0,"endpos":[-35.0,12.0,-25.0],"endrotation":[0.0,0.0,0.0],"endscale":[6,6,6],"loop":0,"name":"Light2","startpos":[-35.0,12.0,-25.0],"startrotation":[0.0,0.0,0.0],"startscale":[6,6,6],"timestamp":1.0,"type":0},{"action":2,"animation":"LightOn","duration":0.0,"endpos":[-35.0,12.0,-25.0],"endrotation":[0.0,0.0,0.0],"endscale":[6,6,6],"loop":0,"name":"Light2","startpos":[-35.0,12.0,-25.0],"startrotation":[0.0,0.0,0.0],"startscale":[6,6,6],"timestamp":84.0,"type":0},{"action":2,"animation":"LightOff","duration":0.0,"endpos":[-35.0,12.0,-25.0],"endrotation":[0.0,0.0,0.0],"endscale":[6,6,6],"loop":0,"name":"Light2","startpos":[-35.0,12.0,-25.0],"startrotation":[0.0,0.0,0.0],"startscale":[6,6,6],"timestamp":126.0,"type":0},{"action":2,"animation":"LightOff","duration":0.0,"endpos":[-35.0,12.0,-25.0],"endrotation":[0.0,0.0,0.0],"endscale":[6,6,6],"loop":0,"name":"Light2","startpos":[-35.0,12.0,-25.0],"startrotation":[0.0,0.0,0.0],"startscale":[6,6,6],"timestamp":300.0,"type":0},{"action":0,"animation":"LightOff","duration":0.0,"endpos":[-45.0,12.0,-25.0],"endrotation":[0.0,0.0,0.0],"endscale":[6,6,6],"loop":0,"name":"Light6","startpos":[-45.0,12.0,-25.0],"startrotation":[0.0,0.0,0.0],"startscale":[6,6,6],"timestamp":0.0,"type":0},{"action":2,"animation":"LightOff","duration":0.0,"endpos":[-45.0,12.0,-25.0],"endrotation":[0.0,0.0,0.0],"endscale":[6,6,6],"loop":0,"name":"Light6","startpos":[-45.0,12.0,-25.0],"startrotation":[0.0,0.0,0.0],"startscale":[6,6,6],"timestamp":1.0,"type":0},{"action":2,"animation":"LightOn","duration":0.0,"endpos":[-45.0,12.0,-25.0],"endrotation":[0.0,0.0,0.0],"endscale":[6,6,6],"loop":0,"name":"Light6","startpos":[-45.0,12.0,-25.0],"startrotation":[0.0,0.0,0.0],"startscale":[6,6,6],"timestamp":84.0,"type":0},{"action":2,"animation":"LightOff","duration":0.0,"endpos":[-45.0,12.0,-25.0],"endrotation":[0.0,0.0,0.0],"endscale":[6,6,6],"loop":0,"name":"Light6","startpos":[-45.0,12.0,-25.0],"startrotation":[0.0,0.0,0.0],"startscale":[6,6,6],"timestamp":126.0,"type":0},{"action":2,"animation":"LightOff","duration":0.0,"endpos":[-45.0,12.0,-25.0],"endrotation":[0.0,0.0,0.0],"endscale":[6,6,6],"loop":0,"name":"Light6","startpos":[-45.0,12.0,-25.0],"startrotation":[0.0,0.0,0.0],"startscale":[6,6,6],"timestamp":300.0,"type":0},{"action":0,"animation":"LightOff","duration":0.0,"endpos":[57.0,12.0,-20.0],"endrotation":[0.0,0.0,0.0],"endscale":[6,6,6],"loop":0,"name":"Light3","startpos":[57.0,12.0,-20.0],"startrotation":[0.0,0.0,0.0],"startscale":[6,6,6],"timestamp":0.0,"type":0},{"action":2,"animation":"LightOff","duration":0.0,"endpos":[57.0,12.0,-20.0],"endrotation":[0.0,0.0,0.0],"endscale":[6,6,6],"loop":0,"name":"Light3","startpos":[57.0,12.0,-20.0],"startrotation":[0.0,0.0,0.0],"startscale":[6,6,6],"timestamp":1.0,"type":0},{"action":2,"animation":"LightOn","duration":0.0,"endpos":[57.0,12.0,-20.0],"endrotation":[0.0,0.0,0.0],"endscale":[6,6,6],"loop":0,"name":"Light3","startpos":[57.0,12.0,-20.0],"startrotation":[0.0,0.0,0.0],"startscale":[6,6,6],"timestamp":211.0,"type":0},{"action":2,"animation":"LightOff","duration":0.0,"endpos":[57.0,12.0,-20.0],"endrotation":[0.0,0.0,0.0],"endscale":[6,6,6],"loop":0,"name":"Light3","startpos":[57.0,12.0,-20.0],"startrotation":[0.0,0.0,0.0],"startscale":[6,6,6],"timestamp":253.0,"type":0},{"action":2,"animation":"LightOff","duration":0.0,"endpos":[57.0,12.0,-20.0],"endrotation":[0.0,0.0,0.0],"endscale":[6,6,6],"loop":0,"name":"Light3","startpos":[57.0,12.0,-20.0],"startrotation":[0.0,0.0,0.0],"startscale":[6,6,6],"timestamp":300.0,"type":0},{"action":0,"animation":"LightOff","duration":0.0,"endpos":[70.0,12.0,-20.0],"endrotation":[0.0,0.0,0.0],"endscale":[6,6,6],"loop":0,"name":"Light7","startpos":[70.0,12.0,-20.0],"startrotation":[0.0,0.0,0.0],"startscale":[6,6,6],"timestamp":0.0,"type":0},{"action":2,"animation":"LightOff","duration":0.0,"endpos":[70.0,12.0,-20.0],"endrotation":[0.0,0.0,0.0],"endscale":[6,6,6],"loop":0,"name":"Light7","startpos":[70.0,12.0,-20.0],"startrotation":[0.0,0.0,0.0],"startscale":[6,6,6],"timestamp":1.0,"type":0},{"action":2,"animation":"LightOn","duration":0.0,"endpos":[70.0,12.0,-20.0],"endrotation":[0.0,0.0,0.0],"endscale":[6,6,6],"loop":0,"name":"Light7","startpos":[70.0,12.0,-20.0],"startrotation":[0.0,0.0,0.0],"startscale":[6,6,6],"timestamp":211.0,"type":0},{"action":2,"animation":"LightOff","duration":0.0,"endpos":[70.0,12.0,-20.0],"endrotation":[0.0,0.0,0.0],"endscale":[6,6,6],"loop":0,"name":"Light7","startpos":[70.0,12.0,-20.0],"startrotation":[0.0,0.0,0.0],"startscale":[6,6,6],"timestamp":253.0,"type":0},{"action":2,"animation":"LightOff","duration":0.0,"endpos":[70.0,12.0,-20.0],"endrotation":[0.0,0.0,0.0],"endscale":[6,6,6],"loop":0,"name":"Light7","startpos":[70.0,12.0,-20.0],"startrotation":[0.0,0.0,0.0],"startscale":[6,6,6],"timestamp":300.0,"type":0},{"action":0,"animation":"LightOff","duration":0.0,"endpos":[32.3,12.0,41.3],"endrotation":[0.0,0.0,0.0],"endscale":[6,6,6],"loop":0,"name":"Light8","startpos":[32.3,12.0,41.3],"startrotation":[0.0,0.0,0.0],"startscale":[6,6,6],"timestamp":0.0,"type":0},{"action":2,"animation":"LightOff","duration":0.0,"endpos":[32.3,12.0,41.3],"endrotation":[0.0,0.0,0.0],"endscale":[6,6,6],"loop":0,"name":"Light8","startpos":[32.3,12.0,41.3],"startrotation":[0.0,0.0,0.0],"startscale":[6,6,6],"timestamp":1.0,"type":0},{"action":2,"animation":"LightOn","duration":0.0,"endpos":[32.3,12.0,41.3],"endrotation":[0.0,0.0,0.0],"endscale":[6,6,6],"loop":0,"name":"Light8","startpos":[32.3,12.0,41.3],"startrotation":[0.0,0.0,0.0],"startscale":[6,6,6],"timestamp":169.0,"type":0},{"action":2,"animation":"LightOff","duration":0.0,"endpos":[32.3,12.0,41.3],"endrotation":[0.0,0.0,0.0],"endscale":[6,6,6],"loop":0,"name":"Light8","startpos":[32.3,12.0,41.3],"startrotation":[0.0,0.0,0.0],"startscale":[6,6,6],"timestamp":211.0,"type":0},{"action":2,"animation":"LightOff","duration":0.0,"endpos":[32.3,12.0,41.3],"endrotation":[0.0,0.0,0.0],"endscale":[6,6,6],"loop":0,"name":"Light8","startpos":[32.3,12.0,41.3],"startrotation":[0.0,0.0,0.0],"startscale":[6,6,6],"timestamp":300.0,"type":0},{"action":0,"animation":"LightOff","duration":0.0,"endpos":[32.3,12.0,41.3],"endrotation":[0.0,0.0,0.0],"endscale":[6,6,6],"loop":0,"name":"Light9","startpos":[32.3,12.0,41.3],"startrotation":[0.0,0.0,0.0],"startscale":[6,6,6],"timestamp":0.0,"type":0},{"action":2,"animation":"LightOff","duration":0.0,"endpos":[32.3,12.0,41.3],"endrotation":[0.0,0.0,0.0],"endscale":[6,6,6],"loop":0,"name":"Light9","startpos":[32.3,12.0,41.3],"startrotation":[0.0,0.0,0.0],"startscale":[6,6,6],"timestamp":1.0,"type":0},{"action":2,"animation":"LightOn","duration":0.0,"endpos":[32.3,12.0,41.3],"endrotation":[0.0,0.0,0.0],"endscale":[6,6,6],"loop":0,"name":"Light9","startpos":[32.3,12.0,41.3],"startrotation":[0.0,0.0,0.0],"startscale":[6,6,6],"timestamp":169.0,"type":0},{"action":2,"animation":"LightOff","duration":0.0,"endpos":[32.3,12.0,41.3],"endrotation":[0.0,0.0,0.0],"endscale":[6,6,6],"loop":0,"name":"Light9","startpos":[32.3,12.0,41.3],"startrotation":[0.0,0.0,0.0],"startscale":[6,6,6],"timestamp":211.0,"type":0},{"action":2,"animation":"LightOff","duration":0.0,"endpos":[32.3,12.0,41.3],"endrotation":[0.0,0.0,0.0],"endscale":[6,6,6],"loop":0,"name":"Light9","startpos":[32.3,12.0,41.3],"startrotation":[0.0,0.0,0.0],"startscale":[6,6,6],"timestamp":300.0,"type":0},{"action":0,"animation":"LightOff","duration":0.0,"endpos":[-13.4,12.0,41.3],"endrotation":[0.0,0.0,0.0],"endscale":[6,6,6],"loop":0,"name":"Light10","startpos":[-13.4,12.0,41.3],"startrotation":[0.0,0.0,0.0],"startscale":[6,6,6],"timestamp":0.0,"type":0},{"action":2,"animation":"LightOff","duration":0.0,"endpos":[-13.4,12.0,41.3],"endrotation":[0.0,0.0,0.0],"endscale":[6,6,6],"loop":0,"name":"Light10","startpos":[-13.4,12.0,41.3],"startrotation":[0.0,0.0,0.0],"startscale":[6,6,6],"timestamp":1.0,"type":0},{"action":2,"animation":"LightOn","duration":0.0,"endpos":[-13.4,12.0,41.3],"endrotation":[0.0,0.0,0.0],"endscale":[6,6,6],"loop":0,"name":"Light10","startpos":[-13.4,12.0,41.3],"startrotation":[0.0,0.0,0.0],"startscale":[6,6,6],"timestamp":126.0,"type":0},{"action":2,"animation":"LightOff","duration":0.0,"endpos":[-13.4,12.0,41.3],"endrotation":[0.0,0.0,0.0],"endscale":[6,6,6],"loop":0,"name":"Light10","startpos":[-13.4,12.0,41.3],"startrotation":[0.0,0.0,0.0],"startscale":[6,6,6],"timestamp":169.0,"type":0},{"action":2,"animation":"LightOff","duration":0.0,"endpos":[-13.4,12.0,41.3],"endrotation":[0.0,0.0,0.0],"endscale":[6,6,6],"loop":0,"name":"Light10","startpos":[-13.4,12.0,41.3],"startrotation":[0.0,0.0,0.0],"startscale":[6,6,6],"timestamp":300.0,"type":0},{"action":0,"animation":"LightOff","duration":0.0,"endpos":[-25.1,12.0,41.3],"endrotation":[0.0,0.0,0.0],"endscale":[6,6,6],"loop":0,"name":"Light11","startpos":[-25.1,12.0,41.3],"startrotation":[0.0,0.0,0.0],"startscale":[6,6,6],"timestamp":0.0,"type":0},{"action":2,"animation":"LightOff","duration":0.0,"endpos":[-25.1,12.0,41.3],"endrotation":[0.0,0.0,0.0],"endscale":[6,6,6],"loop":0,"name":"Light11","startpos":[-25.1,12.0,41.3],"startrotation":[0.0,0.0,0.0],"startscale":[6,6,6],"timestamp":1.0,"type":0},{"action":2,"animation":"LightOn","duration":0.0,"endpos":[-25.1,12.0,41.3],"endrotation":[0.0,0.0,0.0],"endscale":[6,6,6],"loop":0,"name":"Light11","startpos":[-25.1,12.0,41.3],"startrotation":[0.0,0.0,0.0],"startscale":[6,6,6],"timestamp":126.0,"type":0},{"action":2,"animation":"LightOff","duration":0.0,"endpos":[-25.1,12.0,41.3],"endrotation":[0.0,0.0,0.0],"endscale":[6,6,6],"loop":0,"name":"Light11","startpos":[-25.1,12.0,41.3],"startrotation":[0.0,0.0,0.0],"startscale":[6,6,6],"timestamp":169.0,"type":0},{"action":2,"animation":"LightOff","duration":0.0,"endpos":[-25.1,12.0,41.3],"endrotation":[0.0,0.0,0.0],"endscale":[6,6,6],"loop":0,"name":"Light11","startpos":[-25.1,12.0,41.3],"startrotation":[0.0,0.0,0.0],"startscale":[6,6,6],"timestamp":300.0,"type":0},{"action":0,"animation":"","duration":0.0,"endpos":[44.0,3.5,21.3],"endrotation":[0.0,0.0,0.0],"endscale":[0,0,0],"loop":0,"name":"position","startpos":[44.0,3.5,21.3],"startrotation":[0.0,0.0,0.0],"startscale":[0,0,0],"timestamp":0.0,"type":4},{"action":2,"animation":"","duration":0.0,"endpos":[-8.26,3.5,17.52],"endrotation":[0.0,0.0,0.0],"endscale":[0,0,0],"loop":0,"name":"position","startpos":[-8.26,3.5,17.52],"startrotation":[0.0,0.0,0.0],"startscale":[0,0,0],"timestamp":37.760347339756194,"type":4},{"action":2,"animation":"","duration":0.0,"endpos":[-52.9,3.5,4.0],"endrotation":[0.0,0.0,0.0],"endscale":[0,0,0],"loop":0,"name":"position","startpos":[-52.9,3.5,4.0],"startrotation":[0.0,0.0,0.0],"startscale":[0,0,0],"timestamp":80.33575300825524,"type":4},{"action":2,"animation":"","duration":0.0,"endpos":[-33.91,3.5,24.85],"endrotation":[0.0,0.0,0.0],"endscale":[0,0,0],"loop":0,"name":"position","startpos":[-33.91,3.5,24.85],"startrotation":[0.0,0.0,0.0],"startscale":[0,0,0],"timestamp":124.17981809097357,"type":4},{"action":2,"animation":"","duration":0.0,"endpos":[-2.4,3.5,33.2],"endrotation":[0.0,0.0,0.0],"endscale":[0,0,0],"loop":0,"name":"position","startpos":[-2.4,3.5,33.2],"startrotation":[0.0,0.0,0.0],"startscale":[0,0,0],"timestamp":165.74024141998214,"type":4},{"action":2,"animation":"","duration":0.0,"endpos":[41.0,3.5,-2.3],"endrotation":[0.0,0.0,0.0],"endscale":[0,0,0],"loop":0,"name":"position","startpos":[41.0,3.5,-2.3],"startrotation":[0.0,0.0,0.0],"startscale":[0,0,0],"timestamp":204.3930311218984,"type":4},{"action":2,"animation":"","duration":0.0,"endpos":[0.0,3.5,0.0],"endrotation":[0.0,0.0,0.0],"endscale":[0,0,0],"loop":0,"name":"position","startpos":[0.0,3.5,0.0],"startrotation":[0.0,0.0,0.0],"startscale":[0,0,0],"timestamp":248.8935538479118,"type":4}]}